,legislatura,nome_parlamentar,sigla_partido,acoes
90,56,NIVALDO ALBUQUERQUE,PTB,1
234,56,FILIPE BARROS,PSL,1
109,56,NEWTON CARDOSO JR,MDB,1
364,56,FERNANDO COELHO FILHO,DEM,1
105,56,RICARDO GUIDI,PSD,1
237,56,NILSON PINTO,PSDB,1
103,56,ALEXANDRE SERFIOTIS,PSD,1
238,56,SEVERINO PESSOA,PRB,1
323,56,ALENCAR SANTANA BRAGA,PT,1
241,56,IVAN VALENTE,PSOL,1
99,56,LUIZÃO GOULART,PRB,1
97,56,LIZIANE BAYER,PSB,1
96,56,CRISTIANO VALE,PR,1
244,56,PASTOR GILDENEMYR,PMN,1
94,56,STEFANO AGUIAR,PSD,1
321,56,CEZINHA DE MADUREIRA,PSD,1
179,56,ALINE GURGEL,PRB,1
251,56,CLARISSA GAROTINHO,PROS,1
317,56,LEÔNIDAS CRISTINO,PDT,1
84,56,DAMIÃO FELICIANO,PDT,1
83,56,REGINALDO LOPES,PT,1
82,56,RAIMUNDO COSTA,PR,1
81,56,JHONATAN DE JESUS,PRB,1
316,56,ELI CORRÊA FILHO,DEM,1
259,56,AGUINALDO RIBEIRO,Progressistas,1
371,56,MÁRCIO MARINHO,PRB,1
312,56,ANDRÉ FERREIRA,PSC,1
372,56,FRANCO CARTAFINA,Progressistas,1
325,56,ANDRÉ DE PAULA,PSD,1
67,56,PROFESSORA DAYANE PIMENTEL,PSL,1
358,56,NEREU CRISPIM,PSL,1
121,56,RENATA ABREU,Podemos,1
184,56,RODRIGO COELHO,PSB,1
174,56,MARX BELTRÃO,PSD,1
337,56,GIL CUTRIM,PDT,1
187,56,PAULO BENGTSON,PTB,1
191,56,LAFAYETTE DE ANDRADA,PRB,1
338,56,OLIVAL MARQUES,DEM,1
165,56,DOMINGOS NETO,PSD,1
340,56,LEUR LOMANTO JÚNIOR,DEM,1
196,56,ABOU ANNI,PSL,1
200,56,GREYCE ELIAS,Avante,1
202,56,VICENTINHO JÚNIOR,PR,1
334,56,MARA ROCHA,PSDB,1
204,56,HELIO LOPES,PSL,1
150,56,ARNALDO JARDIM,Cidadania,1
209,56,ANGELA AMIN,Progressistas,1
332,56,VICENTINHO,PT,1
212,56,LUIZ CARLOS,PSDB,1
145,56,RONALDO CARLETTO,Progressistas,1
216,56,JESUS SÉRGIO,PDT,1
138,56,LÍDICE DA MATA,PSB,1
354,56,PAULO RAMOS,PDT,1
135,56,HÉLIO LEITE,DEM,1
134,56,MERLONG SOLANO,PT,1
133,56,EDIO LOPES,PR,1
132,56,LAURIETE,PR,1
128,56,REJANE DIAS,PT,1
126,56,FAUSTO PINATO,Progressistas,1
357,56,FLAVIANO MELO,MDB,1
62,56,ALTINEU CÔRTES,PR,1
180,56,NATÁLIA BONAVIDES,PT,1
28,56,ROGÉRIO CORREIA,PT,1
49,56,CHRISTIANE DE SOUZA YARED,PR,1
48,56,ROBÉRIO MONTEIRO,PDT,1
47,56,RICARDO TEOBALDO,Podemos,1
381,56,LEDA SADALA,Avante,1
291,56,CARLOS ZARATTINI,PT,1
13,56,JÚNIOR MANO,PR,1
392,56,ULDURICO JUNIOR,PROS,1
42,56,RICARDO BARROS,Progressistas,1
378,56,LÉO MOTTA,PSL,1
290,56,CARLA ZAMBELLI,PSL,1
36,56,JOSÉ NUNES,PSD,1
306,56,LUIZ CARLOS MOTTA,PR,1
379,56,FABIO REIS,MDB,1
286,56,JOSÉ AIRTON FÉLIX CIRILO,PT,1
30,56,IGOR TIMO,Podemos,1
280,56,JOÃO MARCELO SOUZA,MDB,1
304,56,FÁBIO RAMALHO,MDB,1
283,56,RUBENS BUENO,Cidadania,1
38,56,FERNANDA MELCHIONNA,PSOL,1
311,56,VINICIUS GURGEL,PR,1
11,56,JOICE HASSELMANN,PSL,1
269,56,MARLON SANTOS,PDT,1
52,56,MARCELO MORAES,PTB,1
296,56,SÂMIA BOMFIM,PSOL,1
295,56,HÉLIO COSTA,PRB,1
395,56,DRA. VANDA MILANI,Solidariedade,1
266,56,CHARLES FERNANDES,PSD,1
393,56,ADOLFO VIANA,PSDB,1
54,56,TITO,Avante,1
4,56,RODRIGO DE CASTRO,PSDB,1
218,56,FERNANDO RODOLFO,PR,2
336,56,ÁTILA LINS,Progressistas,2
396,56,TED CONTI,PSB,2
185,56,ALINE SLEUTJES,PSL,2
183,56,JOSEILDO RAMOS,PT,2
130,56,BOSCO COSTA,PR,2
385,56,HUGO MOTTA,PRB,2
139,56,ENRICO MISASI,PV,2
19,56,BIA KICIS,PSL,2
141,56,LOURIVAL GOMES,PSL,2
215,56,LUIZ NISHIMORI,PR,2
329,56,FABIO SCHIOCHET,PSL,2
22,56,ISNALDO BULHÕES JR.,MDB,2
288,56,GENERAL GIRÃO,PSL,2
170,56,ARTHUR OLIVEIRA MAIA,DEM,2
398,56,DANIEL ALMEIDA,PCdoB,2
9,56,JÚNIOR FERRARI,PSD,2
10,56,DR. ZACHARIAS CALIL,DEM,2
156,56,JEFFERSON CAMPOS,PSB,2
341,56,ALAN RICK,DEM,2
155,56,JUNINHO DO PNEU,DEM,2
353,56,AJ ALBUQUERQUE,Progressistas,2
162,56,JÚNIOR BOZZELLA,PSL,2
206,56,JOSE MARIO SCHREINER,DEM,2
167,56,ROSANGELA GOMES,PRB,2
210,56,GUTEMBERG REIS,MDB,2
289,56,ADRIANA VENTURA,NOVO,2
387,56,SARGENTO FAHUR,PSD,2
189,56,DAVID MIRANDA,PSOL,2
164,56,EDUARDO COSTA,PTB,2
124,56,CARLOS JORDY,PSL,2
373,56,DR. JAZIEL,PR,2
45,56,DA VITORIA,Cidadania,2
44,56,CAPITÃO FÁBIO ABREU,PR,2
225,56,FRANCISCO JR.,PSD,2
46,56,CHIQUINHO BRAZÃO,Avante,2
248,56,PROFESSOR JOZIEL,PSL,2
89,56,MAURO LOPES,MDB,2
368,56,DANIELA DO WAGUINHO,MDB,2
255,56,DR. LUIZ ANTONIO TEIXEIRA JR.,Progressistas,2
78,56,FREI ANASTACIO RIBEIRO,PT,2
77,56,JUSCELINO FILHO,DEM,2
307,56,CLEBER VERDE,PRB,2
258,56,PR. MARCO FELICIANO,Podemos,2
73,56,CORONEL CHRISÓSTOMO,PSL,2
72,56,MANUEL MARCOS,PRB,2
267,56,CÉLIO STUDART,PV,2
70,56,EROS BIONDINI,PROS,2
375,56,DARCI DE MATOS,PSD,2
59,56,ÁTILA LIRA,PSB,2
263,56,PADRE JOÃO,PT,2
265,56,PAULO GUEDES,PT,2
63,56,LUIZ FLÁVIO GOMES,PSB,2
55,56,PEDRO AUGUSTO BEZERRA,PTB,2
243,56,JAQUELINE CASSOL,Progressistas,2
399,56,CÉLIO SILVEIRA,PSDB,2
40,56,NORMA AYUB,DEM,2
327,56,SILAS CÂMARA,PRB,2
275,56,RUY CARNEIRO,PSDB,2
120,56,AROLDO MARTINS,PRB,2
119,56,PAULO GANIME,NOVO,2
110,56,PAULO ABI-ACKEL,PSDB,2
61,56,BETO PEREIRA,PSDB,2
32,56,DIEGO ANDRADE,PSD,2
106,56,MARCELO FREIXO,PSOL,2
122,56,CELSO SABINO,PSDB,2
37,56,AFONSO MOTTA,PDT,2
39,56,WLADIMIR GAROTINHO,PSD,2
361,56,NELSON BARBUDO,PSL,2
118,56,LUIZIANNE LINS,PT,2
297,56,FELÍCIO LATERÇA,PSL,3
264,56,SIDNEY LEITE,PSD,3
305,56,VINICIUS FARAH,MDB,3
186,56,LUIZ PHILIPPE DE ORLEANS E BRAGANÇA,PSL,3
330,56,JULIAN LEMOS,PSL,3
220,56,PAULO AZI,DEM,3
326,56,WALTER ALVES,MDB,3
313,56,ROGÉRIO PENINHA MENDONÇA,MDB,3
294,56,BENES LEOCÁDIO,PRB,3
279,56,VAVÁ MARTINS,PRB,3
230,56,LUCIO MOSQUINI,MDB,3
192,56,ALEXANDRE FROTA,PSL,3
315,56,GILBERTO NASCIMENTO,PSC,3
278,56,SHÉRIDAN,PSDB,3
320,56,OSSESIO SILVA,PRB,3
213,56,DANIEL SILVEIRA,PSL,3
285,56,HEITOR SCHUCH,PSB,3
224,56,FRED COSTA,Patriota,3
149,56,CÁSSIO ANDRADE,PSB,3
101,56,MÁRCIO JERRY,PCdoB,3
302,56,ADRIANO DO BALDY,Progressistas,3
365,56,MAGDA MOFATTO,PR,3
65,56,HEITOR FREIRE,PSL,3
74,56,LUCAS REDECKER,PSDB,3
75,56,DULCE MIRANDA,MDB,3
370,56,GEOVANIA DE SÁ,PSDB,3
140,56,ALEX SANTANA,PDT,3
80,56,CAROLINE DE TONI,PSL,3
369,56,ANTONIO BRITO,PSD,3
131,56,DELEGADO MARCELO FREITAS,PSL,3
129,56,MISAEL VARELLA,PSD,3
127,56,CELSO RUSSOMANNO,PRB,3
87,56,TIAGO DIMAS,Solidariedade,3
123,56,JORGE BRAZ,PRB,3
355,56,SAMUEL MOREIRA,PSDB,3
91,56,PEDRO LUCAS FERNANDES,PTB,3
367,56,DENIS BEZERRA,PSB,3
95,56,ZÉ SILVA,Solidariedade,3
360,56,LEANDRE,PV,3
100,56,BOSCO SARAIVA,Solidariedade,3
181,56,CARLOS CHIODINI,MDB,3
64,56,ELCIONE BARBALHO,MDB,3
58,56,DANRLEI DE DEUS HINTERHOLZ,PSD,3
350,56,IGOR KANNÁRIO,PHS,3
21,56,LOESTER TRUTIS,PSL,3
394,56,GUSTAVO FRUET,PDT,3
8,56,RUBENS OTONI,PT,3
12,56,GUILHERME DERRITE,Progressistas,3
173,56,ELI BORGES,Solidariedade,3
171,56,IRACEMA PORTELLA,Progressistas,3
169,56,MOSES RODRIGUES,MDB,3
168,56,EDMILSON RODRIGUES,PSOL,3
160,56,TONINHO WANDSCHEER,PROS,3
24,56,VANDERLEI MACRIS,PSDB,3
366,56,CHRIS TONIETTO,PSL,3
53,56,PATRUS ANANIAS,PT,3
31,56,BIRA DO PINDARÉ,PSB,3
41,56,JOÃO CARLOS BACELAR,PR,3
35,56,TEREZA NELMA,PSDB,3
380,56,MARCO BERTAIOLLI,PSD,3
342,56,CARLOS VERAS,PT,3
25,56,PAULO MAGALHÃES,PSD,4
51,56,WELLINGTON ROBERTO,PR,4
309,56,EDUARDO BISMARCK,PDT,4
322,56,EVANDRO ROMAN,PSD,4
98,56,LUCIANO DUCCI,PSB,4
249,56,ROBERTO PESSOA,PSDB,4
318,56,ZECA DIRCEU,PT,4
287,56,JÚLIO DELGADO,PSB,4
79,56,VINICIUS POIT,NOVO,4
377,56,ALEX MANENTE,Cidadania,4
252,56,CÉLIO MOURA,PT,4
281,56,WELITON PRADO,PROS,4
86,56,MARIANA CARVALHO,PSDB,4
16,56,ÁUREA CAROLINA,PSOL,4
268,56,MARIA ROSAS,PRB,4
335,56,GIOVANI FELTES,MDB,4
349,56,ACÁCIO FAVACHO,PROS,4
147,56,AFONSO FLORENCE,PT,4
333,56,MARCELO NILO,PSB,4
207,56,JOSÉ RICARDO,PT,4
151,56,SUBTENENTE GONZAGA,PDT,4
205,56,CHARLLES EVANGELISTA,PSL,4
239,56,GLAUBER BRAGA,PSOL,4
153,56,MARCELO RAMOS,PR,4
347,56,ROBERTO ALVES,PRB,4
157,56,ALUISIO MENDES,Podemos,4
344,56,MIGUEL LOMBARDI,PR,4
198,56,PAULO PEREIRA DA SILVA,Solidariedade,4
197,56,PEDRO LUPION,DEM,4
193,56,CAPITÃO ALBERTO NETO,PRB,4
177,56,CABO JUNIO AMARAL,PSL,4
178,56,HERCULANO PASSOS,MDB,4
351,56,ROSANA VALLE,PSB,4
144,56,ALIEL MACHADO,PSB,4
299,56,CAPITÃO AUGUSTO,PR,4
232,56,EMANUEL PINHEIRO NETO,PTB,4
136,56,LÉO MORAES,Podemos,4
331,56,PEDRO UCZAI,PT,4
125,56,MARÍLIA ARRAES,PT,4
142,56,BOHN GASS,PT,5
382,56,LUIZA ERUNDINA,PSOL,5
195,56,MAJOR FABIANA,PSL,5
194,56,FÁBIO MITIDIERI,PSD,5
190,56,ROBERTO DE LUCENA,Podemos,5
386,56,BRUNA FURLAN,PSDB,5
188,56,JORGE SOLLA,PT,5
176,56,JOÃO MAIA,PR,5
231,56,FLORDELIS,PSD,5
303,56,DANIEL COELHO,Cidadania,5
293,56,ASSIS CARVALHO,PT,5
233,56,DELEGADO ANTÔNIO FURTADO,PSL,5
235,56,MAURÍCIO DZIEDRICKI,PTB,5
5,56,SILVIA CRISTINA,PDT,5
397,56,RUI FALCÃO,PT,5
388,56,PEDRO CUNHA LIMA,PSDB,5
29,56,PASTOR EURICO,Patriota,5
93,56,MARCELO ARO,Progressistas,5
112,56,VERMELHO,PSD,5
314,56,ALÊ SILVA,PSL,5
217,56,HUGO LEAL,PSD,5
69,56,SERGIO VIDIGAL,PDT,5
66,56,EDUARDO CURY,PSDB,5
254,56,EDUARDO BRAIDE,PMN,5
219,56,POLICIAL KATIA SASTRE,PR,5
328,56,NICOLETTI,PSL,5
214,56,DR. FREDERICO,Patriota,5
270,56,FÁBIO HENRIQUE,PDT,5
113,56,DANIEL TRZECIAK,PSDB,5
43,56,VALTENIR PEREIRA,MDB,5
201,56,JOÃO ROMA,PRB,5
276,56,ENIO VERRI,PT,5
319,56,FERNANDO MONTEIRO,Progressistas,5
324,56,FLAVIO NOGUEIRA,PDT,5
310,56,TADEU ALENCAR,PSB,6
383,56,JOSÉ MEDEIROS,Podemos,6
356,56,WOLNEY QUEIROZ,PDT,6
199,56,CELINA LEÃO,Progressistas,6
34,56,PROFESSORA MARCIVANIA,PCdoB,6
88,56,FELIPE FRANCISCHINI,PSL,6
143,56,OTTO ALENCAR FILHO,PSD,6
163,56,FELIPE CARRERAS,PSB,6
137,56,GURGEL,PSL,6
274,56,DOMINGOS SÁVIO,PSDB,6
172,56,DELEGADO PABLO,PSL,6
182,56,RODRIGO AGOSTINHO,PSB,6
23,56,MAURO NAZIF,PSB,6
271,56,CAMILO CAPIBERIBE,PSB,6
102,56,BETO ROSADO,Progressistas,6
148,56,SILVIO COSTA FILHO,PRB,7
227,56,AIRTON FALEIRO,PT,7
203,56,JOSÉ NELTO,Podemos,7
222,56,JULIO CESAR RIBEIRO,PRB,7
85,56,MARCELO CALERO,Cidadania,7
343,56,HELDER SALOMÃO,PT,7
158,56,WALDENOR PEREIRA,PT,7
104,56,PERPÉTUA ALMEIDA,PCdoB,7
60,56,JOENIA WAPICHANA,REDE,7
154,56,ZÉ NETO,PT,7
3,56,MARRECA FILHO,Patriota,7
298,56,CORONEL TADEU,PSL,7
247,56,AMARO NETO,PRB,7
282,56,JANDIRA FEGHALI,PCdoB,7
277,56,DR. LUIZ OVANDO,PSL,7
391,56,TALÍRIA PETRONE,PSOL,7
273,56,ALEXANDRE PADILHA,PT,7
374,56,ZÉ VITOR,PR,7
284,56,LUISA CANZIANI,PTB,8
161,56,ALEXIS FONTEYNE,NOVO,8
308,56,CHICO D'ANGELO,PDT,8
114,56,OTACI NASCIMENTO,Solidariedade,8
57,56,JOÃO CAMPOS,PRB,8
262,56,JOAQUIM PASSARINHO,PSD,8
17,56,DELEGADO ÉDER MAURO,PSD,8
257,56,SANTINI,PTB,8
26,56,SERGIO SOUZA,MDB,8
236,56,TÚLIO GADÊLHA,PDT,8
208,56,EFRAIM FILHO,DEM,8
68,56,AFONSO HAMM,Progressistas,8
359,56,BIBO NUNES,PSL,9
362,56,AUREO RIBEIRO,Solidariedade,9
115,56,RICARDO IZAR,Progressistas,9
2,56,BACELAR,Podemos,9
300,56,LAERCIO OLIVEIRA,Progressistas,9
0,56,PEDRO WESTPHALEN,Progressistas,9
240,56,ORLANDO SILVA,PCdoB,9
292,56,GLAUSTIN FOKUS,PSC,9
211,56,CAPITÃO WAGNER,PROS,9
166,56,LUIS MIRANDA,DEM,9
228,56,LUIZ LIMA,PSL,10
108,56,VITOR LIPPI,PSDB,10
111,56,CARLOS GOMES,PRB,10
175,56,PAULA BELMONTE,Cidadania,10
92,56,MARGARETE COELHO,Progressistas,10
245,56,BENEDITA DA SILVA,PT,10
27,56,TIAGO MITRAUD,NOVO,10
253,56,JÚLIO CESAR,PSD,10
7,56,HIRAN GONÇALVES,Progressistas,10
107,56,NILTO TATTO,PT,10
376,56,DRA. SORAYA MANATO,PSL,11
56,56,LINCOLN PORTELA,PR,11
76,56,AUGUSTO COUTINHO,Solidariedade,11
242,56,DANILO CABRAL,PSB,11
301,56,TABATA AMARAL,PDT,11
152,56,SANDERSON,PSL,11
116,56,MÁRIO NEGROMONTE JR.,Progressistas,11
117,56,VINICIUS CARVALHO,PRB,11
159,56,LUCAS GONZALEZ,NOVO,11
261,56,ALEXANDRE LEITE,DEM,12
221,56,PROFESSORA DORINHA SEABRA REZENDE,DEM,12
71,56,FELIPE RIGONI,PSB,12
389,56,DELEGADO WALDIR,PSL,12
33,56,GENINHO ZULIANI,DEM,12
50,56,SÓSTENES CAVALCANTE,DEM,12
223,56,NELSON PELLEGRINO,PT,13
20,56,JOÃO H. CAMPOS,PSB,13
256,56,CELSO MALDANER,MDB,13
260,56,PAULO TEIXEIRA,PT,14
229,56,JERÔNIMO GOERGEN,Progressistas,14
6,56,MARGARIDA SALOMÃO,PT,15
363,56,ALICE PORTUGAL,PCdoB,15
390,56,DARCÍSIO PERONDI,MDB,15
1,56,IDILVAN ALENCAR,PDT,16
384,56,CARMEN ZANOTTO,Cidadania,16
250,56,FÁBIO TRAD,PSD,16
352,56,EVAIR VIEIRA DE MELO,Progressistas,17
345,56,ANDRÉ FIGUEIREDO,PDT,17
226,56,MARIA DO ROSÁRIO,PT,18
18,56,LUCAS VERGILIO,Solidariedade,19
246,56,POMPEO DE MATTOS,PDT,23
339,56,DIEGO GARCIA,Podemos,24
272,56,ALCEU MOREIRA,MDB,25
15,56,HILDO ROCHA,MDB,28
14,56,EDUARDO BARBOSA,PSDB,31
146,56,ERIKA KOKAY,PT,32
348,56,KIM KATAGUIRI,DEM,33
346,56,FLÁVIA MORAIS,PDT,38
